,post
0,[WEEK 1] Project 1
1,Project 1 Help
2,Details of Project one.
3,Extra credit for project 1
4,Project 1 Part 2 Released!
5,Don&#39;t know how to generate secret code
6,Out of Place Walkthrough!
7,Project 1 Part 2
8,Project 1 Part 2 Question about Helper Blocks
9,Invalid Message For Project 1 Part 2
10,Project 2 Released!!!
11,Link for starter file not working project 2
12,Project 2 Partner
13,Project 2 Link Updated
14,[Project 1] Parts 1 and 2 Have Been Graded!
15,Explore Post!
16,Project 1 Part 1 Question
17,[Project 2] Has Been Graded!
18,Final Project Spec Released!
19,Third Partner for Final Project
20,Why does this screen pop up when I try to submit my proposal?
21,Project 1 Question
22,Python turtle: pos referenced before defined
23,question about connect 4 (final project)
24,Reminder: Final Project Milestone Due Tonight
25,Citing code
26,[Final Project] Grades Available on Gradescope!
27,[WEEK 1] Welcome to Snap!
28,[WEEK 1] Build your own blocks
29,[WEEK 1] Conditionals &#43; Reporters
30,Problem Sets
31,ProbSet 3
32,&#39;Report&#39; statement
33,[WEEK 2] PSET 4: Lists
34,[WEEK 2] PSET 5: Algorithms
35,Stuck on pset 4
36,Can&#39;t find a block
37,PSET4 &#34;Expand _&#34; Block
38,I am having a lot of trouble with the &#34;find number in sorted list&#34; algorithm.  Can anyone help?
39,Problem Set 5
40,[WEEK 3] PSET 6: Testing
41,[WEEK 3] PSET 7: Trees and Fractals Using Recursion
42,Problem with Inside Board block (PSet 7)
43,TypeError Follow Up
44,[WEEK 4] PSET 8: Fractals
45,[WEEK 4] PSET 9: Recursive Reporters
46,How to point the sprite upwards?
47,[WEEK 5] PSET 10: Welcome to Python
48,[WEEK 5] PSET 11: Data Structures in Python
49,"[WEEK 5] PSET 12: Functions as Data, HOFs"
50,PSET11
51,Turtle
52,[WEEK 6] PSET 13: Text Processing
53,[WEEK 6] PSET 14: Algorithmic Complexity
54,"Problem Set 11, Exercise 4"
55,top_n_word function pset13
56,Grades of PSETs
57,[WEEK 7] PSET 15: Algorithmic Complexity
58,Question about word --&gt; list block
59,Data Lab Graphs
60,[WEEK 8] PSET 17: OOP
61,pset17
62,UCBMFET
63,Content on practice exams
64,Midterm Logistics
65,Midterm Grading Completed!
66,Midterm questions to review
67,Without Snap! Midterm Regrade
68,Question about #11 on Without-Snap Midterm
69,Final Exam Logistics
70,Exam Prep &#43; The Future of Testing!!
71,Discrepancy on discussion 16 algorithmic complexity problem #3
72,[Final Exam] Grades Released
